{
    "ver": 1,
    "mods": {
        "esmcd": {
            "id": 1,
            "list": {
                "net/wr0/server/cfg": {
                    "enable": {
                        "title": "SyncE Enable"
                    },
                    "force_ssm_code": {
                        "title": "Force SSM Code"
                    }
                },
                "net/wr0/client/info": {
                    "ssm_code": {
                        "title": "SSM code"
                    }
                },
                "net/wr1/server/cfg": {
                    "enable": {
                        "title": "SyncE Enable"
                    },
                    "force_ssm_code": {
                        "title": "Force SSM Code"
                    }
                },
                "net/wr1/client/info": {
                    "ssm_code": {
                        "title": "SSM code"
                    }
                },
                "net/wr2/server/cfg": {
                    "enable": {
                        "title": "SyncE Enable"
                    },
                    "force_ssm_code": {
                        "title": "Force SSM Code"
                    }
                },
                "net/wr2/client/info": {
                    "ssm_code": {
                        "title": "SSM code"
                    }
                },
                "net/wr3/server/cfg": {
                    "enable": {
                        "title": "SyncE Enable"
                    },
                    "force_ssm_code": {
                        "title": "Force SSM Code"
                    }
                },
                "net/wr3/client/info": {
                    "ssm_code": {
                        "title": "SSM code"
                    }
                },
                "net/wr4/server/cfg": {
                    "enable": {
                        "title": "SyncE Enable"
                    },
                    "force_ssm_code": {
                        "title": "Force SSM Code"
                    }
                },
                "net/wr4/client/info": {
                    "ssm_code": {
                        "title": "SSM code"
                    }
                },
                "net/wr5/server/cfg": {
                    "enable": {
                        "title": "SyncE Enable"
                    },
                    "force_ssm_code": {
                        "title": "Force SSM Code"
                    }
                },
                "net/wr5/client/info": {
                    "ssm_code": {
                        "title": "SSM code"
                    }
                },
                "net/wr6/server/cfg": {
                    "enable": {
                        "title": "SyncE Enable"
                    },
                    "force_ssm_code": {
                        "title": "Force SSM Code"
                    }
                },
                "net/wr6/client/info": {
                    "ssm_code": {
                        "title": "SSM code"
                    }
                },
                "net/wr7/server/cfg": {
                    "enable": {
                        "title": "SyncE Enable"
                    },
                    "force_ssm_code": {
                        "title": "Force SSM Code"
                    }
                },
                "net/wr7/client/info": {
                    "ssm_code": {
                        "title": "SSM code"
                    }
                },
                "net/wr8/server/cfg": {
                    "enable": {
                        "title": "SyncE Enable"
                    },
                    "force_ssm_code": {
                        "title": "Force SSM Code"
                    }
                },
                "net/wr8/client/info": {
                    "ssm_code": {
                        "title": "SSM code"
                    }
                },
                "net/wr9/server/cfg": {
                    "enable": {
                        "title": "SyncE Enable"
                    },
                    "force_ssm_code": {
                        "title": "Force SSM Code"
                    }
                },
                "net/wr9/client/info": {
                    "ssm_code": {
                        "title": "SSM code"
                    }
                },
                "net/wr10/server/cfg": {
                    "enable": {
                        "title": "SyncE Enable"
                    },
                    "force_ssm_code": {
                        "title": "Force SSM Code"
                    }
                },
                "net/wr10/client/info": {
                    "ssm_code": {
                        "title": "SSM code"
                    }
                },
                "net/wr11/server/cfg": {
                    "enable": {
                        "title": "SyncE Enable"
                    },
                    "force_ssm_code": {
                        "title": "Force SSM Code"
                    }
                },
                "net/wr11/client/info": {
                    "ssm_code": {
                        "title": "SSM code"
                    }
                },
                "net/wr12/server/cfg": {
                    "enable": {
                        "title": "SyncE Enable"
                    },
                    "force_ssm_code": {
                        "title": "Force SSM Code"
                    }
                },
                "net/wr12/client/info": {
                    "ssm_code": {
                        "title": "SSM code"
                    }
                },
                "net/wr13/server/cfg": {
                    "enable": {
                        "title": "SyncE Enable"
                    },
                    "force_ssm_code": {
                        "title": "Force SSM Code"
                    }
                },
                "net/wr13/client/info": {
                    "ssm_code": {
                        "title": "SSM code"
                    }
                },
                "net/wr14/server/cfg": {
                    "enable": {
                        "title": "SyncE Enable"
                    },
                    "force_ssm_code": {
                        "title": "Force SSM Code"
                    }
                },
                "net/wr14/client/info": {
                    "ssm_code": {
                        "title": "SSM code"
                    }
                },
                "net/wr15/server/cfg": {
                    "enable": {
                        "title": "SyncE Enable"
                    },
                    "force_ssm_code": {
                        "title": "Force SSM Code"
                    }
                },
                "net/wr15/client/info": {
                    "ssm_code": {
                        "title": "SSM code"
                    }
                }
            }
        }
    }
}