{
  "ver": 1,
  "mods": {
    "hald": {
      "id": 0,
      "list": {
        "pps": {
          "hwtai": {
            "title": "Hw TAI"
          },
          "hwtai_sec": {
            "title": "Hw TAI Sec"
          },
          "hwtai_nsec": {
            "title": "Hw TAI Nsec"
          }
        },
        "net\/wr0": {
          "status": {
            "title": "State"
          },
          "ethaddr": {
            "title": "ETH Address"
          },
          "is_dhcp": {
            "title": "Is DHCP"
          },
          "ipv4.addr": {
            "title": "IPV4 Address"
          },
          "ipv4.netmask": {
            "title": "IPV4 Netmask"
          },
          "ipv4.gateway": {
            "title": "GW Address"
          }
        },
        "net\/wr0\/sfp": {
          "has_dom": {
            "title": "DOM Available"
          },
          "detect": {
            "title": "SFP Detected"
          }
        },
        "net\/wr0\/wr": {
          "dtx": {
            "title": "Delay Tx"
          },
          "drx": {
            "title": "Delay Rx"
          }
        },
        "net\/wr1": {
          "status": {
            "title": "State"
          },
          "ethaddr": {
            "title": "ETH Address"
          },
          "is_dhcp": {
            "title": "Is DHCP"
          },
          "ipv4.addr": {
            "title": "IPV4 Address"
          },
          "ipv4.netmask": {
            "title": "IPV4 Netmask"
          },
          "ipv4.gateway": {
            "title": "GW Address"
          }
        },
        "net\/wr1\/sfp": {
          "has_dom": {
            "title": "DOM Available"
          },
          "detect": {
            "title": "SFP Detected"
          }
        },
        "net\/wr1\/wr": {
          "dtx": {
            "title": "Delay Tx"
          },
          "drx": {
            "title": "Delay Rx"
          }
        },
        "net\/wr2": {
          "status": {
            "title": "State"
          },
          "ethaddr": {
            "title": "ETH Address"
          },
          "is_dhcp": {
            "title": "Is DHCP"
          },
          "ipv4.addr": {
            "title": "IPV4 Address"
          },
          "ipv4.netmask": {
            "title": "IPV4 Netmask"
          },
          "ipv4.gateway": {
            "title": "GW Address"
          }
        },
        "net\/wr2\/sfp": {
          "has_dom": {
            "title": "DOM Available"
          },
          "detect": {
            "title": "SFP Detected"
          }
        },
        "net\/wr2\/wr": {
          "dtx": {
            "title": "Delay Tx"
          },
          "drx": {
            "title": "Delay Rx"
          }
        },
        "net\/wr3": {
          "status": {
            "title": "State"
          },
          "ethaddr": {
            "title": "ETH Address"
          },
          "is_dhcp": {
            "title": "Is DHCP"
          },
          "ipv4.addr": {
            "title": "IPV4 Address"
          },
          "ipv4.netmask": {
            "title": "IPV4 Netmask"
          },
          "ipv4.gateway": {
            "title": "GW Address"
          }
        },
        "net\/wr3\/sfp": {
          "has_dom": {
            "title": "DOM Available"
          },
          "detect": {
            "title": "SFP Detected"
          }
        },
        "net\/wr3\/wr": {
          "dtx": {
            "title": "Delay Tx"
          },
          "drx": {
            "title": "Delay Rx"
          }
        },
        "net\/wr4": {
          "status": {
            "title": "State"
          },
          "ethaddr": {
            "title": "ETH Address"
          },
          "is_dhcp": {
            "title": "Is DHCP"
          },
          "ipv4.addr": {
            "title": "IPV4 Address"
          },
          "ipv4.netmask": {
            "title": "IPV4 Netmask"
          },
          "ipv4.gateway": {
            "title": "GW Address"
          }
        },
        "net\/wr4\/sfp": {
          "has_dom": {
            "title": "DOM Available"
          },
          "detect": {
            "title": "SFP Detected"
          }
        },
        "net\/wr4\/wr": {
          "dtx": {
            "title": "Delay Tx"
          },
          "drx": {
            "title": "Delay Rx"
          }
        },
        "net\/wr5": {
          "status": {
            "title": "State"
          },
          "ethaddr": {
            "title": "ETH Address"
          },
          "is_dhcp": {
            "title": "Is DHCP"
          },
          "ipv4.addr": {
            "title": "IPV4 Address"
          },
          "ipv4.netmask": {
            "title": "IPV4 Netmask"
          },
          "ipv4.gateway": {
            "title": "GW Address"
          }
        },
        "net\/wr5\/sfp": {
          "has_dom": {
            "title": "DOM Available"
          },
          "detect": {
            "title": "SFP Detected"
          }
        },
        "net\/wr5\/wr": {
          "dtx": {
            "title": "Delay Tx"
          },
          "drx": {
            "title": "Delay Rx"
          }
        },
        "net\/wr6": {
          "status": {
            "title": "State"
          },
          "ethaddr": {
            "title": "ETH Address"
          },
          "is_dhcp": {
            "title": "Is DHCP"
          },
          "ipv4.addr": {
            "title": "IPV4 Address"
          },
          "ipv4.netmask": {
            "title": "IPV4 Netmask"
          },
          "ipv4.gateway": {
            "title": "GW Address"
          }
        },
        "net\/wr6\/sfp": {
          "has_dom": {
            "title": "DOM Available"
          },
          "detect": {
            "title": "SFP Detected"
          }
        },
        "net\/wr6\/wr": {
          "dtx": {
            "title": "Delay Tx"
          },
          "drx": {
            "title": "Delay Rx"
          }
        },
        "net\/wr7": {
          "status": {
            "title": "State"
          },
          "ethaddr": {
            "title": "ETH Address"
          },
          "is_dhcp": {
            "title": "Is DHCP"
          },
          "ipv4.addr": {
            "title": "IPV4 Address"
          },
          "ipv4.netmask": {
            "title": "IPV4 Netmask"
          },
          "ipv4.gateway": {
            "title": "GW Address"
          }
        },
        "net\/wr7\/sfp": {
          "has_dom": {
            "title": "DOM Available"
          },
          "detect": {
            "title": "SFP Detected"
          }
        },
        "net\/wr7\/wr": {
          "dtx": {
            "title": "Delay Tx"
          },
          "drx": {
            "title": "Delay Rx"
          }
        },
        "net\/wr8": {
          "status": {
            "title": "State"
          },
          "ethaddr": {
            "title": "ETH Address"
          },
          "is_dhcp": {
            "title": "Is DHCP"
          },
          "ipv4.addr": {
            "title": "IPV4 Address"
          },
          "ipv4.netmask": {
            "title": "IPV4 Netmask"
          },
          "ipv4.gateway": {
            "title": "GW Address"
          }
        },
        "net\/wr8\/sfp": {
          "has_dom": {
            "title": "DOM Available"
          },
          "detect": {
            "title": "SFP Detected"
          }
        },
        "net\/wr8\/wr": {
          "dtx": {
            "title": "Delay Tx"
          },
          "drx": {
            "title": "Delay Rx"
          }
        },
        "net\/wr9": {
          "status": {
            "title": "State"
          },
          "ethaddr": {
            "title": "ETH Address"
          },
          "is_dhcp": {
            "title": "Is DHCP"
          },
          "ipv4.addr": {
            "title": "IPV4 Address"
          },
          "ipv4.netmask": {
            "title": "IPV4 Netmask"
          },
          "ipv4.gateway": {
            "title": "GW Address"
          }
        },
        "net\/wr9\/sfp": {
          "has_dom": {
            "title": "DOM Available"
          },
          "detect": {
            "title": "SFP Detected"
          }
        },
        "net\/wr9\/wr": {
          "dtx": {
            "title": "Delay Tx"
          },
          "drx": {
            "title": "Delay Rx"
          }
        },
        "net\/wr10": {
          "status": {
            "title": "State"
          },
          "ethaddr": {
            "title": "ETH Address"
          },
          "is_dhcp": {
            "title": "Is DHCP"
          },
          "ipv4.addr": {
            "title": "IPV4 Address"
          },
          "ipv4.netmask": {
            "title": "IPV4 Netmask"
          },
          "ipv4.gateway": {
            "title": "GW Address"
          }
        },
        "net\/wr10\/sfp": {
          "has_dom": {
            "title": "DOM Available"
          },
          "detect": {
            "title": "SFP Detected"
          }
        },
        "net\/wr10\/wr": {
          "dtx": {
            "title": "Delay Tx"
          },
          "drx": {
            "title": "Delay Rx"
          }
        },
        "net\/wr11": {
          "status": {
            "title": "State"
          },
          "ethaddr": {
            "title": "ETH Address"
          },
          "is_dhcp": {
            "title": "Is DHCP"
          },
          "ipv4.addr": {
            "title": "IPV4 Address"
          },
          "ipv4.netmask": {
            "title": "IPV4 Netmask"
          },
          "ipv4.gateway": {
            "title": "GW Address"
          }
        },
        "net\/wr11\/sfp": {
          "has_dom": {
            "title": "DOM Available"
          },
          "detect": {
            "title": "SFP Detected"
          }
        },
        "net\/wr11\/wr": {
          "dtx": {
            "title": "Delay Tx"
          },
          "drx": {
            "title": "Delay Rx"
          }
        },
        "net\/wr12": {
          "status": {
            "title": "State"
          },
          "ethaddr": {
            "title": "ETH Address"
          },
          "is_dhcp": {
            "title": "Is DHCP"
          },
          "ipv4.addr": {
            "title": "IPV4 Address"
          },
          "ipv4.netmask": {
            "title": "IPV4 Netmask"
          },
          "ipv4.gateway": {
            "title": "GW Address"
          }
        },
        "net\/wr12\/sfp": {
          "has_dom": {
            "title": "DOM Available"
          },
          "detect": {
            "title": "SFP Detected"
          }
        },
        "net\/wr12\/wr": {
          "dtx": {
            "title": "Delay Tx"
          },
          "drx": {
            "title": "Delay Rx"
          }
        },
        "net\/wr13": {
          "status": {
            "title": "State"
          },
          "ethaddr": {
            "title": "ETH Address"
          },
          "is_dhcp": {
            "title": "Is DHCP"
          },
          "ipv4.addr": {
            "title": "IPV4 Address"
          },
          "ipv4.netmask": {
            "title": "IPV4 Netmask"
          },
          "ipv4.gateway": {
            "title": "GW Address"
          }
        },
        "net\/wr13\/sfp": {
          "has_dom": {
            "title": "DOM Available"
          },
          "detect": {
            "title": "SFP Detected"
          }
        },
        "net\/wr13\/wr": {
          "dtx": {
            "title": "Delay Tx"
          },
          "drx": {
            "title": "Delay Rx"
          }
        },
        "net\/wr14": {
          "status": {
            "title": "State"
          },
          "ethaddr": {
            "title": "ETH Address"
          },
          "is_dhcp": {
            "title": "Is DHCP"
          },
          "ipv4.addr": {
            "title": "IPV4 Address"
          },
          "ipv4.netmask": {
            "title": "IPV4 Netmask"
          },
          "ipv4.gateway": {
            "title": "GW Address"
          }
        },
        "net\/wr14\/sfp": {
          "has_dom": {
            "title": "DOM Available"
          },
          "detect": {
            "title": "SFP Detected"
          }
        },
        "net\/wr14\/wr": {
          "dtx": {
            "title": "Delay Tx"
          },
          "drx": {
            "title": "Delay Rx"
          }
        },
        "net\/wr15": {
          "status": {
            "title": "State"
          },
          "ethaddr": {
            "title": "ETH Address"
          },
          "is_dhcp": {
            "title": "Is DHCP"
          },
          "ipv4.addr": {
            "title": "IPV4 Address"
          },
          "ipv4.netmask": {
            "title": "IPV4 Netmask"
          },
          "ipv4.gateway": {
            "title": "GW Address"
          }
        },
        "net\/wr15\/sfp": {
          "has_dom": {
            "title": "DOM Available"
          },
          "detect": {
            "title": "SFP Detected"
          }
        },
        "net\/wr15\/wr": {
          "dtx": {
            "title": "Delay Tx"
          },
          "drx": {
            "title": "Delay Rx"
          }
        },
        "net\/eth0": {
          "status": {
            "title": "State"
          },
          "ethaddr": {
            "title": "ETH Address"
          },
          "is_dhcp": {
            "title": "Is DHCP"
          },
          "ipv4.addr": {
            "title": "IPV4 Address"
          },
          "ipv4.netmask": {
            "title": "IPV4 Netmask"
          },
          "ipv4.gateway": {
            "title": "GW Address"
          }
        },
        "net\/eth1": {
          "status": {
            "title": "State"
          },
          "ethaddr": {
            "title": "ETH Address"
          },
          "is_dhcp": {
            "title": "Is DHCP"
          },
          "ipv4.addr": {
            "title": "IPV4 Address"
          },
          "ipv4.netmask": {
            "title": "IPV4 Netmask"
          },
          "ipv4.gateway": {
            "title": "GW Address"
          }
        },
        "ver\/sw": {
          "tag": {
            "title": "Software Version"
          },
          "compiled": {
            "title": "Compilation Date"
          },
          "libgpa": {
            "title": "LibGPA Version"
          },
          "uboot": {
            "title": "uBoot Version"
          }
        },
        "ver\/gw": {
          "id": {
            "title": "FPGA Gateware Version"
          },
          "major": {
            "title": "FPGA Gateware Major Version"
          },
          "minor": {
            "title": "FPGA Gateware Minor Version"
          },
          "build": {
            "title": "FPGA Gateware Build Number"
          },
          "synth_date": {
            "title": "FPGA Gateware Minor Version"
          }
        },
        "ver\/hw\/base": {
          "wr0.ethaddr": {
            "title": "WR0 MAC Address"
          },
          "wr1.ethaddr": {
            "title": "WR1 MAC Address"
          },
          "eth0.ethaddr": {
            "title": "ETH0 MAC Address"
          },
          "eth1.ethaddr": {
            "title": "ETH1 MAC Address"
          },
          "hw.serial-number": {
            "title": "Hardware Serial Number"
          },
          "hw.batch": {
            "title": "Hardware Batch"
          },
          "hw.fpga": {
            "title": "FPGA Version"
          },
          "hw.full": {
            "title": "Hardware Version"
          },
          "hw.date": {
            "title": "Hardware Date"
          },
          "calib.mdac": {
            "title": "DAC Calibration"
          }
        },
        "eth0": {
          "is_dhcp": {
            "title": "DHCP",
            "enum_dic": {
              "Disabled": 0,
              "Enabled": 1
            },
            "htype": "combobox"
          },
          "link_up": {
            "title": "Link Status",
            "enum_dic": {
              "Down": 0,
              "Up": 1
            },
            "desc": "Interface link status"
          },
          "ethaddr": {
            "title": "MAC Address"
          },
          "ipv4.addr": {
            "title": "IPv4 Address"
          },
          "ipv4.netmask": {
            "title": "IPv4 Netmask"
          }
        },
        "eth1": {
          "is_dhcp": {
            "title": "DHCP",
            "enum_dic": {
              "Disabled": 0,
              "Enabled": 1
            },
            "htype": "combobox"
          },
          "link_up": {
            "title": "Link Status",
            "enum_dic": {
              "Down": 0,
              "Up": 1
            },
            "desc": "Interface link status"
          },
          "ethaddr": {
            "title": "MAC Address"
          },
          "ipv4.addr": {
            "title": "IPv4 Address"
          },
          "ipv4.netmask": {
            "title": "IPv4 Netmask"
          }
        },
        "sync": {
          "pps_coffset": {
            "title": "PPS Coarse Offset",
            "hattr": {
              "min": -499999992,
              "max": 500000000,
              "step": 8
            },
            "desc": "Coarse offset of PPS output (multiple of 8ns)"
          },
          "pps_width": {
            "title": "PPS Width",
            "hattr": {
              "min": 8,
              "max": 500000000,
              "step": 8
            },
            "desc": "Width of the PPS output (multiple of 8ns)"
          },
          "pps_xtimes": {
            "title": "PPS Rate",
            "enum_dic": {
              "1 PPS": 0,
              "10 PPS": 1,
              "100 PPS": 2,
              "1000 PPS": 3
            },
            "desc": "Number of pulses per second"
          },
          "sync_ad9516": {
            "title": "AD9516 Phase Alignment",
            "hattr": {
              "min": -499999992,
              "max": 500000000,
              "step": 8
            },
            "access": "RWLX",
            "desc": "Realign AD9516 PLL with respect to the internal PPS (multiple of 8ns)"
          },
          "sync_lmk": {
            "title": "LMK Phase Alignment",
            "hattr": {
              "min": -499999992,
              "max": 500000000,
              "step": 8
            },
            "access": "RWLX",
            "desc": "Realign LMK PLL with respect to the internal PPS (multiple of 8ns)"
          },
          "AB_xpps_en": {
            "title": "AB xPPS Mode",
            "enum_dic": {
              "Disabled": 0,
              "Enabled": 1
            },
            "htype": "combobox"
          },
          "A_xpps_en": {
            "title": "A xPPS Mode",
            "enum_dic": {
              "Disabled": 0,
              "Enabled": 1
            },
            "htype": "combobox"
          },
          "B_xpps_en": {
            "title": "B xPPS Mode",
            "enum_dic": {
              "Disabled": 0,
              "Enabled": 1
            },
            "htype": "combobox"
          },
          "cTTL_fdelay": {
            "title": "CLK TTL Fdelay",
            "desc": "Finely delay the CLK TTL output"
          },
          "A_fdelay": {
            "hattr": {
              "min": -50,
              "max": 9200,
              "step": 50
            }
          },
          "B_fdelay": {
            "hattr": {
              "min": -50,
              "max": 9200,
              "step": 50
            }
          },
          "B_term_adapt": {
            "enum_dic": {
              "1MΩ": 0,
              "50Ω": 1
            },
            "htype": "combobox"
          },
          "C_fdelay": {
            "hattr": {
              "min": -50,
              "max": 9200,
              "step": 50
            }
          },
          "C_term_adapt": {
            "enum_dic": {
              "1MΩ": 0,
              "50Ω": 1
            },
            "htype": "combobox"
          },
          "D_fdelay": {
            "hattr": {
              "min": -50,
              "max": 9200,
              "step": 50
            }
          },
          "D_term_adapt": {
            "enum_dic": {
              "1MΩ": 0,
              "50Ω": 1
            },
            "htype": "combobox"
          }
        },
        "calib": {
          "wr0_dtx": {
            "title": "Δ Tx"
          },
          "wr0_drx": {
            "title": "Δ Rx"
          },
          "wr0_fiber_idx": {
            "title": "Fiber Index",
            "enum_dic": {
              "Auto from SFP": -1,
              "Fiber 0": 0,
              "Fiber 1": 1,
              "Fiber 2": 2,
              "Fiber 3": 3,
              "Fiber 4": 4
            },
            "htype": "combobox"
          },
          "wr1_dtx": {
            "title": "Δ Tx"
          },
          "wr1_drx": {
            "title": "Δ Rx"
          },
          "wr1_fiber_idx": {
            "title": "Fiber Index",
            "enum_dic": {
              "Auto from SFP": -1,
              "Fiber 0": 0,
              "Fiber 1": 1,
              "Fiber 2": 2,
              "Fiber 3": 3,
              "Fiber 4": 4
            },
            "htype": "combobox"
          },
          "sfp00_vn": {
            "title": "Vendor Name"
          },
          "sfp00_pn": {
            "title": "Part Number"
          },
          "sfp00_dtx": {
            "title": "Δ Tx"
          },
          "sfp00_drx": {
            "title": "Δ Rx"
          },
          "sfp00_tx_wl": {
            "title": "λ Tx",
            "hattr": {
              "decimal": 2
            }
          },
          "sfp00_fiber_idx": {
            "title": "Fiber Index",
            "enum_dic": {
              "Fiber 0": 0,
              "Fiber 1": 1,
              "Fiber 2": 2,
              "Fiber 3": 3,
              "Fiber 4": 4
            },
            "htype": "combobox"
          },
          "sfp01_vn": {
            "title": "Vendor Name"
          },
          "sfp01_pn": {
            "title": "Part Number"
          },
          "sfp01_dtx": {
            "title": "Δ Tx"
          },
          "sfp01_drx": {
            "title": "Δ Rx"
          },
          "sfp01_tx_wl": {
            "title": "λ Tx",
            "hattr": {
              "decimal": 2
            }
          },
          "sfp01_fiber_idx": {
            "title": "Fiber Index",
            "enum_dic": {
              "Fiber 0": 0,
              "Fiber 1": 1,
              "Fiber 2": 2,
              "Fiber 3": 3,
              "Fiber 4": 4
            },
            "htype": "combobox"
          },
          "sfp02_vn": {
            "title": "Vendor Name"
          },
          "sfp02_pn": {
            "title": "Part Number"
          },
          "sfp02_dtx": {
            "title": "Δ Tx"
          },
          "sfp02_drx": {
            "title": "Δ Rx"
          },
          "sfp02_tx_wl": {
            "title": "λ Tx",
            "hattr": {
              "decimal": 2
            }
          },
          "sfp02_fiber_idx": {
            "title": "Fiber Index",
            "enum_dic": {
              "Fiber 0": 0,
              "Fiber 1": 1,
              "Fiber 2": 2,
              "Fiber 3": 3,
              "Fiber 4": 4
            },
            "htype": "combobox"
          },
          "sfp03_vn": {
            "title": "Vendor Name"
          },
          "sfp03_pn": {
            "title": "Part Number"
          },
          "sfp03_dtx": {
            "title": "Δ Tx"
          },
          "sfp03_drx": {
            "title": "Δ Rx"
          },
          "sfp03_tx_wl": {
            "title": "λ Tx",
            "hattr": {
              "decimal": 2
            }
          },
          "sfp03_fiber_idx": {
            "title": "Fiber Index",
            "enum_dic": {
              "Fiber 0": 0,
              "Fiber 1": 1,
              "Fiber 2": 2,
              "Fiber 3": 3,
              "Fiber 4": 4
            },
            "htype": "combobox"
          },
          "sfp04_vn": {
            "title": "Vendor Name"
          },
          "sfp04_pn": {
            "title": "Part Number"
          },
          "sfp04_dtx": {
            "title": "Δ Tx"
          },
          "sfp04_drx": {
            "title": "Δ Rx"
          },
          "sfp04_tx_wl": {
            "title": "λ Tx",
            "hattr": {
              "decimal": 2
            }
          },
          "sfp04_fiber_idx": {
            "title": "Fiber Index",
            "enum_dic": {
              "Fiber 0": 0,
              "Fiber 1": 1,
              "Fiber 2": 2,
              "Fiber 3": 3,
              "Fiber 4": 4
            },
            "htype": "combobox"
          },
          "sfp05_vn": {
            "title": "Vendor Name"
          },
          "sfp05_pn": {
            "title": "Part Number"
          },
          "sfp05_dtx": {
            "title": "Δ Tx"
          },
          "sfp05_drx": {
            "title": "Δ Rx"
          },
          "sfp05_tx_wl": {
            "title": "λ Tx",
            "hattr": {
              "decimal": 2
            }
          },
          "sfp05_fiber_idx": {
            "title": "Fiber Index",
            "enum_dic": {
              "Fiber 0": 0,
              "Fiber 1": 1,
              "Fiber 2": 2,
              "Fiber 3": 3,
              "Fiber 4": 4
            },
            "htype": "combobox"
          },
          "sfp06_vn": {
            "title": "Vendor Name"
          },
          "sfp06_pn": {
            "title": "Part Number"
          },
          "sfp06_dtx": {
            "title": "Δ Tx"
          },
          "sfp06_drx": {
            "title": "Δ Rx"
          },
          "sfp06_tx_wl": {
            "title": "λ Tx",
            "hattr": {
              "decimal": 2
            }
          },
          "sfp06_fiber_idx": {
            "title": "Fiber Index",
            "enum_dic": {
              "Fiber 0": 0,
              "Fiber 1": 1,
              "Fiber 2": 2,
              "Fiber 3": 3,
              "Fiber 4": 4
            },
            "htype": "combobox"
          },
          "fiber00_wltx": {
            "title": "λ Tx",
            "hattr": {
              "decimal": 2
            }
          },
          "fiber00_wlrx": {
            "title": "λ Rx",
            "hattr": {
              "decimal": 2
            }
          },
          "fiber00_alpha": {
            "title": "Alpha",
            "hattr": {
              "decimal": 8
            }
          },
          "fiber00_desc": {
            "title": "Description"
          },
          "fiber01_wltx": {
            "title": "λ Tx",
            "hattr": {
              "decimal": 2
            }
          },
          "fiber01_wlrx": {
            "title": "λ Rx",
            "hattr": {
              "decimal": 2
            }
          },
          "fiber01_alpha": {
            "title": "Alpha",
            "hattr": {
              "decimal": 8
            }
          },
          "fiber01_desc": {
            "title": "Description"
          },
          "fiber02_wltx": {
            "title": "λ Tx",
            "hattr": {
              "decimal": 2
            }
          },
          "fiber02_wlrx": {
            "title": "λ Rx",
            "hattr": {
              "decimal": 2
            }
          },
          "fiber02_alpha": {
            "title": "Alpha",
            "hattr": {
              "decimal": 8
            }
          },
          "fiber02_desc": {
            "title": "Description"
          },
          "fiber03_wltx": {
            "title": "λ Tx",
            "hattr": {
              "decimal": 2
            }
          },
          "fiber03_wlrx": {
            "title": "λ Rx",
            "hattr": {
              "decimal": 2
            }
          },
          "fiber03_alpha": {
            "title": "Alpha",
            "hattr": {
              "decimal": 8
            }
          },
          "fiber03_desc": {
            "title": "Description"
          },
          "fiber04_wltx": {
            "title": "λ Tx",
            "hattr": {
              "decimal": 2
            }
          },
          "fiber04_wlrx": {
            "title": "λ Rx",
            "hattr": {
              "decimal": 2
            }
          },
          "fiber04_alpha": {
            "title": "Alpha",
            "hattr": {
              "decimal": 8
            }
          },
          "fiber04_desc": {
            "title": "Description"
          },
          "force_usr": {
            "title": "Calibration Source",
            "enum_dic": {
              "Hardware (default)": 0,
              "User": 1
            },
            "htype": "combobox",
            "desc": "Load calibration parameters from the hardware or from the user"
          }
        }
      }
    }
  }
}
