{
  "ver":1,
  "mods":{
   "healthingd":{
      "id":2,
      "list":{
        "sys":{
          "ram_total":{"title":"RAM Size"},
          "ram_free":{"title":"Free RAM"},
          "cpus":{"title":"CPU(s)"},
          "cpu_load1":{"title":"CPU Load (1 minute)"},
          "cpu_load5":{"title":"CPU Load (5 minutes)"},
          "cpu_load15":{"title":"CPU Load (15 minutes)"},
          "cpu_usage":{"title":"CPU Usage"},
          "hdd1_size":{"title":"HDD1 (BOOT) Size"},
          "hdd1_free":{"title":"HDD1 (BOOT) Free"},
          "hdd2_size":{"title":"HDD2 (MEDIA) Size"},
          "hdd2_free":{"title":"HDD2 (MEDIA) Free"},
          "fpga_temp":{"title":"FPGA Temperature","unit":"&#8451;","hcode":"yes"},
        },
        "pws0":{
          "temperature":{"unit":"&#8451;","hcode":"yes"},
          "disable_alert":{"title":"Unplugged Alert","enum_dic":{"Enabled":0,"Disabled":1},"htype":"combobox"},
        },
        "pws1":{
          "temperature":{"unit":"&#8451;","hcode":"yes"},
          "disable_alert":{"title":"Unplugged Alert","enum_dic":{"Enabled":0,"Disabled":1},"htype":"combobox"},
        }
      }
    }
  }
}
