{
    "ver": 1,
    "mods": {
        "misc": {
            "list": {
                "logging": {
                    "server_ip": {
                        "title": "Server IP"
                    }
                },
                "snmp/traps": {
                    "NMS_IP_1": {
                        "title": "NMS IPv4 1"
                    },
                    "NMS_IP_2": {
                        "title": "NMS IPv4 2"
                    },
                    "NMS_IP_3": {
                        "title": "NMS IPv4 3"
                    },
                    "NMS_IP_4": {
                        "title": "NMS IPv4 4"
                    },
                    "start_shutdown": {
                        "title": "System Start/Shutdown"
                    },
                    "modules_start_close": {
                        "title": "Modules Start/Close"
                    },
                    "prms_tracked": {
                        "title": "Tracked Parameters"
                    },
                    "prms_alerts": {
                        "title": "Smart Alerts"
                    }
                },
                "mail": {
                    "send_to": {
                        "title": "Reception email address"
                    },
                    "start_shutdown": {
                        "title": "System Start/Shutdown"
                    },
                    "prms_alerts": {
                        "title": "Smart Alerts"
                    }
                }
            }
        }
    }
}