{
  "ver": 1,
  "mods": {
    "ppsi": {
      "id": 1,
      "list": {
        "cfg": {
          "domain_number": {
            "access": "RWL"
          }
        },
        "act\/servo": {
          "delay_MS": {
            "hattr": {
              "decimal": 12
            },
            "unit": "s"
          },
          "ifname": {
            "title": "Interface"
          },
          "mean_delay": {
            "hattr": {
              "decimal": 12
            },
            "unit": "s"
          },
          "egress_lat": {
            "title": "Egress Latency"
          },
          "ingress_lat": {
            "title": "Ingress Latency"
          }
        },
        "act\/clkinfo\/tprop": {
          "utc_off_val": {
            "title": "UTC Off Val"
          }
        },
        "net/wr0/1": {
          "pdet_state": {
            "access": "R"
          },
          "ext_state": {
            "access": "R"
          },
          "rx_sync_seqid": {
            "access": "R",
            "title": "Rx Sync SeqID"
          },
          "ifname": {
            "title": "Interface",
            "access": "R"
          },
          "peer_mac": {
            "title": "Peer MAC",
            "access": "R"
          },
          "peer_vid": {
            "title": "Peer VID"
          },
          "n_tx_ptp": {
            "title": "Peer N Tx PTP"
          },
          "n_rx_ptp": {
            "title": "Peer N Rx PTP"
          }
        },
        "net\/wr0\/1\/cfg": {
          "ifname": {
            "title": "Interface",
            "access": "R"
          }
        },
        "net\/wr0\/1\/servo": {
          "ifname": {
            "title": "Interface",
            "access": "R"
          },
          "peer_mac": {
            "title": "Peer MAC",
            "access": "R"
          },
          "peer_vid": {
            "title": "Peer VID"
          },
          "n_tx_ptp": {
            "title": "Peer N Tx PTP"
          },
          "n_rx_ptp": {
            "title": "Peer N Rx PTP"
          }
        },
        "net\/wr0\/1\/clk\/Q": {
          "clock_identity": {
            "access": "R"
          },
          "priority1": {
            "access": "R"
          },
          "priority2": {
            "access": "R"
          },
          "clock_class": {
            "access": "R"
          },
          "clock_accuracy": {
            "access": "R"
          },
          "variance": {
            "access": "R"
          },
          "n_hops": {
            "access": "R"
          }
        },
        "net\/wr0\/1\/clk\/tprop": {
          "utc_off_val": {
            "access": "R"
          }
        },
        "net/wr1/1": {
          "pdet_state": {
            "access": "R"
          },
          "ext_state": {
            "access": "R"
          },
          "rx_sync_seqid": {
            "access": "R",
            "title": "Rx Sync SeqID"
          },
          "ifname": {
            "title": "Interface",
            "access": "R"
          },
          "peer_mac": {
            "title": "Peer MAC",
            "access": "R"
          },
          "peer_vid": {
            "title": "Peer VID"
          },
          "n_tx_ptp": {
            "title": "Peer N Tx PTP"
          },
          "n_rx_ptp": {
            "title": "Peer N Rx PTP"
          }
        },
        "net\/wr1\/1\/cfg": {
          "ifname": {
            "title": "Interface",
            "access": "R"
          }
        },
        "net\/wr1\/1\/servo": {
          "ifname": {
            "title": "Interface",
            "access": "R"
          },
          "peer_mac": {
            "title": "Peer MAC",
            "access": "R"
          },
          "peer_vid": {
            "title": "Peer VID"
          },
          "n_tx_ptp": {
            "title": "Peer N Tx PTP"
          },
          "n_rx_ptp": {
            "title": "Peer N Rx PTP"
          }
        },
        "net\/wr1\/1\/clk\/Q": {
          "clock_identity": {
            "access": "R"
          },
          "priority1": {
            "access": "R"
          },
          "priority2": {
            "access": "R"
          },
          "clock_class": {
            "access": "R"
          },
          "clock_accuracy": {
            "access": "R"
          },
          "variance": {
            "access": "R"
          },
          "n_hops": {
            "access": "R"
          }
        },
        "net\/wr1\/1\/clk\/tprop": {
          "utc_off_val": {
            "access": "R"
          }
        },
        "net/wr2/1": {
          "pdet_state": {
            "access": "R"
          },
          "ext_state": {
            "access": "R"
          },
          "rx_sync_seqid": {
            "access": "R",
            "title": "Rx Sync SeqID"
          },
          "ifname": {
            "title": "Interface",
            "access": "R"
          },
          "peer_mac": {
            "title": "Peer MAC",
            "access": "R"
          },
          "peer_vid": {
            "title": "Peer VID"
          },
          "n_tx_ptp": {
            "title": "Peer N Tx PTP"
          },
          "n_rx_ptp": {
            "title": "Peer N Rx PTP"
          }
        },
        "net\/wr2\/1\/cfg": {
          "ifname": {
            "title": "Interface",
            "access": "R"
          }
        },
        "net\/wr2\/1\/servo": {
          "ifname": {
            "title": "Interface",
            "access": "R"
          },
          "peer_mac": {
            "title": "Peer MAC",
            "access": "R"
          },
          "peer_vid": {
            "title": "Peer VID"
          },
          "n_tx_ptp": {
            "title": "Peer N Tx PTP"
          },
          "n_rx_ptp": {
            "title": "Peer N Rx PTP"
          }
        },
        "net\/wr2\/1\/clk\/Q": {
          "clock_identity": {
            "access": "R"
          },
          "priority1": {
            "access": "R"
          },
          "priority2": {
            "access": "R"
          },
          "clock_class": {
            "access": "R"
          },
          "clock_accuracy": {
            "access": "R"
          },
          "variance": {
            "access": "R"
          },
          "n_hops": {
            "access": "R"
          }
        },
        "net\/wr2\/1\/clk\/tprop": {
          "utc_off_val": {
            "access": "R"
          }
        },
        "net/wr3/1": {
          "pdet_state": {
            "access": "R"
          },
          "ext_state": {
            "access": "R"
          },
          "rx_sync_seqid": {
            "access": "R",
            "title": "Rx Sync SeqID"
          },
          "ifname": {
            "title": "Interface",
            "access": "R"
          },
          "peer_mac": {
            "title": "Peer MAC",
            "access": "R"
          },
          "peer_vid": {
            "title": "Peer VID"
          },
          "n_tx_ptp": {
            "title": "Peer N Tx PTP"
          },
          "n_rx_ptp": {
            "title": "Peer N Rx PTP"
          }
        },
        "net\/wr3\/1\/cfg": {
          "ifname": {
            "title": "Interface",
            "access": "R"
          }
        },
        "net\/wr3\/1\/servo": {
          "ifname": {
            "title": "Interface",
            "access": "R"
          },
          "peer_mac": {
            "title": "Peer MAC",
            "access": "R"
          },
          "peer_vid": {
            "title": "Peer VID"
          },
          "n_tx_ptp": {
            "title": "Peer N Tx PTP"
          },
          "n_rx_ptp": {
            "title": "Peer N Rx PTP"
          }
        },
        "net\/wr3\/1\/clk\/Q": {
          "clock_identity": {
            "access": "R"
          },
          "priority1": {
            "access": "R"
          },
          "priority2": {
            "access": "R"
          },
          "clock_class": {
            "access": "R"
          },
          "clock_accuracy": {
            "access": "R"
          },
          "variance": {
            "access": "R"
          },
          "n_hops": {
            "access": "R"
          }
        },
        "net\/wr3\/1\/clk\/tprop": {
          "utc_off_val": {
            "access": "R"
          }
        },
        "net/wr4/1": {
          "pdet_state": {
            "access": "R"
          },
          "ext_state": {
            "access": "R"
          },
          "rx_sync_seqid": {
            "access": "R",
            "title": "Rx Sync SeqID"
          },
          "ifname": {
            "title": "Interface",
            "access": "R"
          },
          "peer_mac": {
            "title": "Peer MAC",
            "access": "R"
          },
          "peer_vid": {
            "title": "Peer VID"
          },
          "n_tx_ptp": {
            "title": "Peer N Tx PTP"
          },
          "n_rx_ptp": {
            "title": "Peer N Rx PTP"
          }
        },
        "net\/wr4\/1\/cfg": {
          "ifname": {
            "title": "Interface",
            "access": "R"
          }
        },
        "net\/wr4\/1\/servo": {
          "ifname": {
            "title": "Interface",
            "access": "R"
          },
          "peer_mac": {
            "title": "Peer MAC",
            "access": "R"
          },
          "peer_vid": {
            "title": "Peer VID"
          },
          "n_tx_ptp": {
            "title": "Peer N Tx PTP"
          },
          "n_rx_ptp": {
            "title": "Peer N Rx PTP"
          }
        },
        "net\/wr4\/1\/clk\/Q": {
          "clock_identity": {
            "access": "R"
          },
          "priority1": {
            "access": "R"
          },
          "priority2": {
            "access": "R"
          },
          "clock_class": {
            "access": "R"
          },
          "clock_accuracy": {
            "access": "R"
          },
          "variance": {
            "access": "R"
          },
          "n_hops": {
            "access": "R"
          }
        },
        "net\/wr4\/1\/clk\/tprop": {
          "utc_off_val": {
            "access": "R"
          }
        },
        "net/wr5/1": {
          "pdet_state": {
            "access": "R"
          },
          "ext_state": {
            "access": "R"
          },
          "rx_sync_seqid": {
            "access": "R",
            "title": "Rx Sync SeqID"
          },
          "ifname": {
            "title": "Interface",
            "access": "R"
          },
          "peer_mac": {
            "title": "Peer MAC",
            "access": "R"
          },
          "peer_vid": {
            "title": "Peer VID"
          },
          "n_tx_ptp": {
            "title": "Peer N Tx PTP"
          },
          "n_rx_ptp": {
            "title": "Peer N Rx PTP"
          }
        },
        "net\/wr5\/1\/cfg": {
          "ifname": {
            "title": "Interface",
            "access": "R"
          }
        },
        "net\/wr5\/1\/servo": {
          "ifname": {
            "title": "Interface",
            "access": "R"
          },
          "peer_mac": {
            "title": "Peer MAC",
            "access": "R"
          },
          "peer_vid": {
            "title": "Peer VID"
          },
          "n_tx_ptp": {
            "title": "Peer N Tx PTP"
          },
          "n_rx_ptp": {
            "title": "Peer N Rx PTP"
          }
        },
        "net\/wr5\/1\/clk\/Q": {
          "clock_identity": {
            "access": "R"
          },
          "priority1": {
            "access": "R"
          },
          "priority2": {
            "access": "R"
          },
          "clock_class": {
            "access": "R"
          },
          "clock_accuracy": {
            "access": "R"
          },
          "variance": {
            "access": "R"
          },
          "n_hops": {
            "access": "R"
          }
        },
        "net\/wr5\/1\/clk\/tprop": {
          "utc_off_val": {
            "access": "R"
          }
        },
        "net/wr6/1": {
          "pdet_state": {
            "access": "R"
          },
          "ext_state": {
            "access": "R"
          },
          "rx_sync_seqid": {
            "access": "R",
            "title": "Rx Sync SeqID"
          },
          "ifname": {
            "title": "Interface",
            "access": "R"
          },
          "peer_mac": {
            "title": "Peer MAC",
            "access": "R"
          },
          "peer_vid": {
            "title": "Peer VID"
          },
          "n_tx_ptp": {
            "title": "Peer N Tx PTP"
          },
          "n_rx_ptp": {
            "title": "Peer N Rx PTP"
          }
        },
        "net\/wr6\/1\/cfg": {
          "ifname": {
            "title": "Interface",
            "access": "R"
          }
        },
        "net\/wr6\/1\/servo": {
          "ifname": {
            "title": "Interface",
            "access": "R"
          },
          "peer_mac": {
            "title": "Peer MAC",
            "access": "R"
          },
          "peer_vid": {
            "title": "Peer VID"
          },
          "n_tx_ptp": {
            "title": "Peer N Tx PTP"
          },
          "n_rx_ptp": {
            "title": "Peer N Rx PTP"
          }
        },
        "net\/wr6\/1\/clk\/Q": {
          "clock_identity": {
            "access": "R"
          },
          "priority1": {
            "access": "R"
          },
          "priority2": {
            "access": "R"
          },
          "clock_class": {
            "access": "R"
          },
          "clock_accuracy": {
            "access": "R"
          },
          "variance": {
            "access": "R"
          },
          "n_hops": {
            "access": "R"
          }
        },
        "net\/wr6\/1\/clk\/tprop": {
          "utc_off_val": {
            "access": "R"
          }
        },
        "net/wr7/1": {
          "pdet_state": {
            "access": "R"
          },
          "ext_state": {
            "access": "R"
          },
          "rx_sync_seqid": {
            "access": "R",
            "title": "Rx Sync SeqID"
          },
          "ifname": {
            "title": "Interface",
            "access": "R"
          },
          "peer_mac": {
            "title": "Peer MAC",
            "access": "R"
          },
          "peer_vid": {
            "title": "Peer VID"
          },
          "n_tx_ptp": {
            "title": "Peer N Tx PTP"
          },
          "n_rx_ptp": {
            "title": "Peer N Rx PTP"
          }
        },
        "net\/wr7\/1\/cfg": {
          "ifname": {
            "title": "Interface",
            "access": "R"
          }
        },
        "net\/wr7\/1\/servo": {
          "ifname": {
            "title": "Interface",
            "access": "R"
          },
          "peer_mac": {
            "title": "Peer MAC",
            "access": "R"
          },
          "peer_vid": {
            "title": "Peer VID"
          },
          "n_tx_ptp": {
            "title": "Peer N Tx PTP"
          },
          "n_rx_ptp": {
            "title": "Peer N Rx PTP"
          }
        },
        "net\/wr7\/1\/clk\/Q": {
          "clock_identity": {
            "access": "R"
          },
          "priority1": {
            "access": "R"
          },
          "priority2": {
            "access": "R"
          },
          "clock_class": {
            "access": "R"
          },
          "clock_accuracy": {
            "access": "R"
          },
          "variance": {
            "access": "R"
          },
          "n_hops": {
            "access": "R"
          }
        },
        "net\/wr7\/1\/clk\/tprop": {
          "utc_off_val": {
            "access": "R"
          }
        },
        "net/wr8/1": {
          "pdet_state": {
            "access": "R"
          },
          "ext_state": {
            "access": "R"
          },
          "rx_sync_seqid": {
            "access": "R",
            "title": "Rx Sync SeqID"
          },
          "ifname": {
            "title": "Interface",
            "access": "R"
          },
          "peer_mac": {
            "title": "Peer MAC",
            "access": "R"
          },
          "peer_vid": {
            "title": "Peer VID"
          },
          "n_tx_ptp": {
            "title": "Peer N Tx PTP"
          },
          "n_rx_ptp": {
            "title": "Peer N Rx PTP"
          }
        },
        "net\/wr8\/1\/cfg": {
          "ifname": {
            "title": "Interface",
            "access": "R"
          }
        },
        "net\/wr8\/1\/servo": {
          "ifname": {
            "title": "Interface",
            "access": "R"
          },
          "peer_mac": {
            "title": "Peer MAC",
            "access": "R"
          },
          "peer_vid": {
            "title": "Peer VID"
          },
          "n_tx_ptp": {
            "title": "Peer N Tx PTP"
          },
          "n_rx_ptp": {
            "title": "Peer N Rx PTP"
          }
        },
        "net\/wr8\/1\/clk\/Q": {
          "clock_identity": {
            "access": "R"
          },
          "priority1": {
            "access": "R"
          },
          "priority2": {
            "access": "R"
          },
          "clock_class": {
            "access": "R"
          },
          "clock_accuracy": {
            "access": "R"
          },
          "variance": {
            "access": "R"
          },
          "n_hops": {
            "access": "R"
          }
        },
        "net\/wr8\/1\/clk\/tprop": {
          "utc_off_val": {
            "access": "R"
          }
        },
        "net/wr9/1": {
          "pdet_state": {
            "access": "R"
          },
          "ext_state": {
            "access": "R"
          },
          "rx_sync_seqid": {
            "access": "R",
            "title": "Rx Sync SeqID"
          },
          "ifname": {
            "title": "Interface",
            "access": "R"
          },
          "peer_mac": {
            "title": "Peer MAC",
            "access": "R"
          },
          "peer_vid": {
            "title": "Peer VID"
          },
          "n_tx_ptp": {
            "title": "Peer N Tx PTP"
          },
          "n_rx_ptp": {
            "title": "Peer N Rx PTP"
          }
        },
        "net\/wr9\/1\/cfg": {
          "ifname": {
            "title": "Interface",
            "access": "R"
          }
        },
        "net\/wr9\/1\/servo": {
          "ifname": {
            "title": "Interface",
            "access": "R"
          },
          "peer_mac": {
            "title": "Peer MAC",
            "access": "R"
          },
          "peer_vid": {
            "title": "Peer VID"
          },
          "n_tx_ptp": {
            "title": "Peer N Tx PTP"
          },
          "n_rx_ptp": {
            "title": "Peer N Rx PTP"
          }
        },
        "net\/wr9\/1\/clk\/Q": {
          "clock_identity": {
            "access": "R"
          },
          "priority1": {
            "access": "R"
          },
          "priority2": {
            "access": "R"
          },
          "clock_class": {
            "access": "R"
          },
          "clock_accuracy": {
            "access": "R"
          },
          "variance": {
            "access": "R"
          },
          "n_hops": {
            "access": "R"
          }
        },
        "net\/wr9\/1\/clk\/tprop": {
          "utc_off_val": {
            "access": "R"
          }
        },
        "net/wr10/1": {
          "pdet_state": {
            "access": "R"
          },
          "ext_state": {
            "access": "R"
          },
          "rx_sync_seqid": {
            "access": "R",
            "title": "Rx Sync SeqID"
          },
          "ifname": {
            "title": "Interface",
            "access": "R"
          },
          "peer_mac": {
            "title": "Peer MAC",
            "access": "R"
          },
          "peer_vid": {
            "title": "Peer VID"
          },
          "n_tx_ptp": {
            "title": "Peer N Tx PTP"
          },
          "n_rx_ptp": {
            "title": "Peer N Rx PTP"
          }
        },
        "net\/wr10\/1\/cfg": {
          "ifname": {
            "title": "Interface",
            "access": "R"
          }
        },
        "net\/wr0\/10\/servo": {
          "ifname": {
            "title": "Interface",
            "access": "R"
          },
          "peer_mac": {
            "title": "Peer MAC",
            "access": "R"
          },
          "peer_vid": {
            "title": "Peer VID"
          },
          "n_tx_ptp": {
            "title": "Peer N Tx PTP"
          },
          "n_rx_ptp": {
            "title": "Peer N Rx PTP"
          }
        },
        "net\/wr10\/1\/clk\/Q": {
          "clock_identity": {
            "access": "R"
          },
          "priority1": {
            "access": "R"
          },
          "priority2": {
            "access": "R"
          },
          "clock_class": {
            "access": "R"
          },
          "clock_accuracy": {
            "access": "R"
          },
          "variance": {
            "access": "R"
          },
          "n_hops": {
            "access": "R"
          }
        },
        "net\/wr10\/1\/clk\/tprop": {
          "utc_off_val": {
            "access": "R"
          }
        },
        "net/wr11/1": {
          "pdet_state": {
            "access": "R"
          },
          "ext_state": {
            "access": "R"
          },
          "rx_sync_seqid": {
            "access": "R",
            "title": "Rx Sync SeqID"
          },
          "ifname": {
            "title": "Interface",
            "access": "R"
          },
          "peer_mac": {
            "title": "Peer MAC",
            "access": "R"
          },
          "peer_vid": {
            "title": "Peer VID"
          },
          "n_tx_ptp": {
            "title": "Peer N Tx PTP"
          },
          "n_rx_ptp": {
            "title": "Peer N Rx PTP"
          }
        },
        "net\/wr11\/1\/cfg": {
          "ifname": {
            "title": "Interface",
            "access": "R"
          }
        },
        "net\/wr11\/1\/servo": {
          "ifname": {
            "title": "Interface",
            "access": "R"
          },
          "peer_mac": {
            "title": "Peer MAC",
            "access": "R"
          },
          "peer_vid": {
            "title": "Peer VID"
          },
          "n_tx_ptp": {
            "title": "Peer N Tx PTP"
          },
          "n_rx_ptp": {
            "title": "Peer N Rx PTP"
          }
        },
        "net\/wr11\/1\/clk\/Q": {
          "clock_identity": {
            "access": "R"
          },
          "priority1": {
            "access": "R"
          },
          "priority2": {
            "access": "R"
          },
          "clock_class": {
            "access": "R"
          },
          "clock_accuracy": {
            "access": "R"
          },
          "variance": {
            "access": "R"
          },
          "n_hops": {
            "access": "R"
          }
        },
        "net\/wr11\/1\/clk\/tprop": {
          "utc_off_val": {
            "access": "R"
          }
        },
        "net/wr12/1": {
          "pdet_state": {
            "access": "R"
          },
          "ext_state": {
            "access": "R"
          },
          "rx_sync_seqid": {
            "access": "R",
            "title": "Rx Sync SeqID"
          },
          "ifname": {
            "title": "Interface",
            "access": "R"
          },
          "peer_mac": {
            "title": "Peer MAC",
            "access": "R"
          },
          "peer_vid": {
            "title": "Peer VID"
          },
          "n_tx_ptp": {
            "title": "Peer N Tx PTP"
          },
          "n_rx_ptp": {
            "title": "Peer N Rx PTP"
          }
        },
        "net\/wr12\/1\/cfg": {
          "ifname": {
            "title": "Interface",
            "access": "R"
          }
        },
        "net\/wr12\/1\/servo": {
          "ifname": {
            "title": "Interface",
            "access": "R"
          },
          "peer_mac": {
            "title": "Peer MAC",
            "access": "R"
          },
          "peer_vid": {
            "title": "Peer VID"
          },
          "n_tx_ptp": {
            "title": "Peer N Tx PTP"
          },
          "n_rx_ptp": {
            "title": "Peer N Rx PTP"
          }
        },
        "net\/wr12\/1\/clk\/Q": {
          "clock_identity": {
            "access": "R"
          },
          "priority1": {
            "access": "R"
          },
          "priority2": {
            "access": "R"
          },
          "clock_class": {
            "access": "R"
          },
          "clock_accuracy": {
            "access": "R"
          },
          "variance": {
            "access": "R"
          },
          "n_hops": {
            "access": "R"
          }
        },
        "net\/wr12\/1\/clk\/tprop": {
          "utc_off_val": {
            "access": "R"
          }
        },
        "net/wr13/1": {
          "pdet_state": {
            "access": "R"
          },
          "ext_state": {
            "access": "R"
          },
          "rx_sync_seqid": {
            "access": "R",
            "title": "Rx Sync SeqID"
          },
          "ifname": {
            "title": "Interface",
            "access": "R"
          },
          "peer_mac": {
            "title": "Peer MAC",
            "access": "R"
          },
          "peer_vid": {
            "title": "Peer VID"
          },
          "n_tx_ptp": {
            "title": "Peer N Tx PTP"
          },
          "n_rx_ptp": {
            "title": "Peer N Rx PTP"
          }
        },
        "net\/wr13\/1\/cfg": {
          "ifname": {
            "title": "Interface",
            "access": "R"
          }
        },
        "net\/wr13\/1\/servo": {
          "ifname": {
            "title": "Interface",
            "access": "R"
          },
          "peer_mac": {
            "title": "Peer MAC",
            "access": "R"
          },
          "peer_vid": {
            "title": "Peer VID"
          },
          "n_tx_ptp": {
            "title": "Peer N Tx PTP"
          },
          "n_rx_ptp": {
            "title": "Peer N Rx PTP"
          }
        },
        "net\/wr13\/1\/clk\/Q": {
          "clock_identity": {
            "access": "R"
          },
          "priority1": {
            "access": "R"
          },
          "priority2": {
            "access": "R"
          },
          "clock_class": {
            "access": "R"
          },
          "clock_accuracy": {
            "access": "R"
          },
          "variance": {
            "access": "R"
          },
          "n_hops": {
            "access": "R"
          }
        },
        "net\/wr13\/1\/clk\/tprop": {
          "utc_off_val": {
            "access": "R"
          }
        },
        "net/wr14/1": {
          "pdet_state": {
            "access": "R"
          },
          "ext_state": {
            "access": "R"
          },
          "rx_sync_seqid": {
            "access": "R",
            "title": "Rx Sync SeqID"
          },
          "ifname": {
            "title": "Interface",
            "access": "R"
          },
          "peer_mac": {
            "title": "Peer MAC",
            "access": "R"
          },
          "peer_vid": {
            "title": "Peer VID"
          },
          "n_tx_ptp": {
            "title": "Peer N Tx PTP"
          },
          "n_rx_ptp": {
            "title": "Peer N Rx PTP"
          }
        },
        "net\/wr14\/1\/cfg": {
          "ifname": {
            "title": "Interface",
            "access": "R"
          }
        },
        "net\/wr14\/1\/servo": {
          "ifname": {
            "title": "Interface",
            "access": "R"
          },
          "peer_mac": {
            "title": "Peer MAC",
            "access": "R"
          },
          "peer_vid": {
            "title": "Peer VID"
          },
          "n_tx_ptp": {
            "title": "Peer N Tx PTP"
          },
          "n_rx_ptp": {
            "title": "Peer N Rx PTP"
          }
        },
        "net\/wr14\/1\/clk\/Q": {
          "clock_identity": {
            "access": "R"
          },
          "priority1": {
            "access": "R"
          },
          "priority2": {
            "access": "R"
          },
          "clock_class": {
            "access": "R"
          },
          "clock_accuracy": {
            "access": "R"
          },
          "variance": {
            "access": "R"
          },
          "n_hops": {
            "access": "R"
          }
        },
        "net\/wr14\/1\/clk\/tprop": {
          "utc_off_val": {
            "access": "R"
          }
        },
        "net\/wr15\/1": {
          "pdet_state": {
            "access": "R"
          },
          "ext_state": {
            "access": "R"
          },
          "rx_sync_seqid": {
            "access": "R",
            "title": "Rx Sync SeqID"
          },
          "ifname": {
            "title": "Interface",
            "access": "R"
          },
          "peer_mac": {
            "title": "Peer MAC",
            "access": "R"
          },
          "peer_vid": {
            "title": "Peer VID"
          },
          "n_tx_ptp": {
            "title": "Peer N Tx PTP"
          },
          "n_rx_ptp": {
            "title": "Peer N Rx PTP"
          }
        },
        "net\/wr15\/1\/cfg": {
          "ifname": {
            "title": "Interface",
            "access": "R"
          }
        },
        "net\/wr15\/1\/servo": {
          "ifname": {
            "title": "Interface",
            "access": "R"
          },
          "peer_mac": {
            "title": "Peer MAC",
            "access": "R"
          },
          "peer_vid": {
            "title": "Peer VID"
          },
          "n_tx_ptp": {
            "title": "Peer N Tx PTP"
          },
          "n_rx_ptp": {
            "title": "Peer N Rx PTP"
          }
        },
        "net\/wr15\/1\/clk\/Q": {
          "clock_identity": {
            "access": "R"
          },
          "priority1": {
            "access": "R"
          },
          "priority2": {
            "access": "R"
          },
          "clock_class": {
            "access": "R"
          },
          "clock_accuracy": {
            "access": "R"
          },
          "variance": {
            "access": "R"
          },
          "n_hops": {
            "access": "R"
          }
        },
        "net\/wr15\/1\/clk\/tprop": {
          "utc_off_val": {
            "access": "R"
          }
        }
      }
    }
  }
}