{
  "ver": 1,
  "mods": {
    "tmgrd": {
      "list": {
        "vclock/info": {
          "vcs_code": {
            "title": "VCS Code"
          }
        },
        "tsrc_info\/1": {
          "code": {
            "title": "VCS Code"
          }
        },
        "tsrc_info\/1\/time_properties": {
          "utc_offset": {
            "title": "UTC Offset",
            "unit": "s"
          },
          "utc_off_val": {
            "title": "UTC Offset Valid"
          }
        },
        "tsrc_info\/2": {
          "code": {
            "title": "VCS Code"
          }
        },
        "tsrc_info\/2\/time_properties": {
          "utc_offset": {
            "title": "UTC Offset",
            "unit": "s"
          },
          "utc_off_val": {
            "title": "UTC Offset Valid"
          }
        },
        "tsrc_info\/3": {
          "code": {
            "title": "VCS Code"
          }
        },
        "tsrc_info\/3\/time_properties": {
          "utc_offset": {
            "title": "UTC Offset",
            "unit": "s"
          },
          "utc_off_val": {
            "title": "UTC Offset Valid"
          }
        },
        "tsrc_info\/4": {
          "code": {
            "title": "VCS Code"
          }
        },
        "tsrc_info\/4\/time_properties": {
          "utc_offset": {
            "title": "UTC Offset",
            "unit": "s"
          },
          "utc_off_val": {
            "title": "UTC Offset Valid"
          }
        },
        "tsrc_info\/5": {
          "code": {
            "title": "VCS Code"
          }
        },
        "tsrc_info\/5\/time_properties": {
          "utc_offset": {
            "title": "UTC Offset",
            "unit": "s"
          },
          "utc_off_val": {
            "title": "UTC Offset Valid"
          }
        },
        "net\/wr0\/cfg": {
          "src_rank": {
            "title": "Source Rank"
          }
        },
        "net\/wr1\/cfg": {
          "src_rank": {
            "title": "Source Rank"
          }
        },
        "net\/wr2\/cfg": {
          "src_rank": {
            "title": "Source Rank"
          }
        },
        "net\/wr3\/cfg": {
          "src_rank": {
            "title": "Source Rank"
          }
        },
        "net\/wr4\/cfg": {
          "src_rank": {
            "title": "Source Rank"
          }
        },
        "net\/wr5\/cfg": {
          "src_rank": {
            "title": "Source Rank"
          }
        },
        "net\/wr6\/cfg": {
          "src_rank": {
            "title": "Source Rank"
          }
        },
        "net\/wr7\/cfg": {
          "src_rank": {
            "title": "Source Rank"
          }
        },
        "net\/wr8\/cfg": {
          "src_rank": {
            "title": "Source Rank"
          }
        },
        "net\/wr9\/cfg": {
          "src_rank": {
            "title": "Source Rank"
          }
        },
        "net\/wr10\/cfg": {
          "src_rank": {
            "title": "Source Rank"
          }
        },
        "net\/wr11\/cfg": {
          "src_rank": {
            "title": "Source Rank"
          }
        },
        "net\/wr12\/cfg": {
          "src_rank": {
            "title": "Source Rank"
          }
        },
        "net\/wr13\/cfg": {
          "src_rank": {
            "title": "Source Rank"
          }
        },
        "net\/wr14\/cfg": {
          "src_rank": {
            "title": "Source Rank"
          }
        },
        "net\/wr15\/cfg": {
          "src_rank": {
            "title": "Source Rank"
          }
        },
        "net\/eth0\/cfg": {
          "src_rank": {
            "title": "Source Rank"
          }
        },
        "net\/eth1\/cfg": {
          "src_rank": {
            "title": "Source Rank"
          }
        },
        "ntp\/cfg": {
          "refresh_rate": {
            "unit": "s"
          }
        },
        "ntp\/1\/cfg": {
          "ipv4_server": {
            "title": "IPv4"
          }
        },
        "ntp\/1\/info": {
          "offset": {
            "unit": "s"
          }
        },
        "ntp\/2\/cfg": {
          "ipv4_server": {
            "title": "IPv4"
          }
        },
        "ntp\/2\/info": {
          "offset": {
            "unit": "s"
          }
        },
        "gm\/cfg": {
          "src_rank": {
            "title": "Source Rank"
          },
          "gm_offset": {
            "title": "GM offset",
            "unit": "ps"
          },
          "align_pps": {
            "title": "Align PPS"
          },
          "pps_mandatory": {
            "title": "PPS Mandatory"
          },
          "time_source": {
            "title": "Source Type"
          }
        },
        "gm\/info": {
          "leapsec_file_exp_date": {
            "title": "Expiration Date"
          },
          "leapsec_file_valid": {
            "title": "Valid"
          }
        },
        "holdover\/cfg": {
          "src_rank": {
            "title": "Source Rank"
          },
          "time_to_expired": {
            "unit": "s"
          }
        },
        "holdover\/info": {
          "time_learning": {
            "unit": "s"
          },
          "time_holdover": {
            "unit": "s"
          },
          "state_time": {
            "unit": "s"
          }
        },
        "misc\/cfg": {
          "pps_mode": {
            "title": "PPS Mode"
          }
        }
      }
    }
  }
}