{
    "ver": 1,
    "mods": {
        "wptpd": {
            "list": {
                "net\/wr0\/1\/info": {
                    "ifname": {
                        "title": "Interface"
                    },
                    "synce_state": {
                        "title": "SyncE State"
                    },
                    "sync_mode": {
                        "title": "Mode of Operation"
                    },
                    "rx_sync": {
                        "title": "Rx Sync Packets"
                    },
                    "tx_sync": {
                        "title": "Tx Sync Packets"
                    },
                    "rx_delayreq": {
                        "title": "Rx Delayreq Packets"
                    },
                    "tx_delayreq": {
                        "title": "Tx Delayreq Packets"
                    },
                    "state_transitions": {
                        "access": "R"
                    },
                    "state_reason": {
                        "access": "R"
                    },
                    "offset_from_master": {
                        "title": "Offset Master-Slave",
                        "unit": "s",
                        "hattr": {
                            "decimal": 6
                        }
                    },
                    "one_way_delay": {
                        "title": "One-Way Delay",
                        "unit": "s",
                        "hattr": {
                            "decimal": 6
                        }
                    },
                    "mean_delay": {
                        "title": "Mean Path Delay ",
                        "unit": "s",
                        "hattr": {
                            "decimal": 6
                        }
                    },
                    "rx_announce": {
                        "title": "Rx Announce Packets"
                    },
                    "rx_follow_up": {
                        "title": "Rx Follow Up Packets"
                    },
                    "rx_delayresp": {
                        "title": "Rx DelayResp Packets"
                    },
                    "tx_announce": {
                        "title": "Tx Announce Packets"
                    },
                    "tx_follow_up": {
                        "title": "Tx Follow Up Packets"
                    },
                    "tx_delayresp": {
                        "title": "Tx DelayResp Packets"
                    }
                },
                "net\/wr0\/1\/cfg": {
                    "synce": {
                        "title": "SyncE"
                    },
                    "transport_mode": {
                        "enum_dic": {
                            "Multicast": 0,
                            "Unicast": 1
                        }
                    },
                    "delay_mech": {
                        "title": "Delay mechanism"
                    },
                    "user_offset": {
                        "title": "Manual Offset",
                        "unit": "ns"
                    },
                    "ptp_timescale": {
                        "title": "PTP Timescale"
                    }
                },
                "net\/wr1\/1\/info": {
                    "ifname": {
                        "title": "Interface"
                    },
                    "synce_state": {
                        "title": "SyncE State"
                    },
                    "sync_mode": {
                        "title": "Mode of Operation"
                    },
                    "rx_sync": {
                        "title": "Rx Sync Packets"
                    },
                    "tx_sync": {
                        "title": "Tx Sync Packets"
                    },
                    "rx_delayreq": {
                        "title": "Rx Delayreq Packets"
                    },
                    "tx_delayreq": {
                        "title": "Tx Delayreq Packets"
                    },
                    "state_transitions": {
                        "access": "R"
                    },
                    "state_reason": {
                        "access": "R"
                    },
                    "offset_from_master": {
                        "title": "Calculated Offset",
                        "unit": "s",
                        "hattr": {
                            "decimal": 6
                        }
                    },
                    "one_way_delay": {
                        "title": "One-Way Delay",
                        "unit": "s",
                        "hattr": {
                            "decimal": 6
                        }
                    },
                    "mean_delay": {
                        "title": "Mean Path Delay ",
                        "unit": "s",
                        "hattr": {
                            "decimal": 6
                        }
                    },
                    "rx_announce": {
                        "title": "Rx Announce Packets"
                    },
                    "rx_follow_up": {
                        "title": "Rx Follow Up Packets"
                    },
                    "rx_delayresp": {
                        "title": "Rx DelayResp Packets"
                    },
                    "tx_announce": {
                        "title": "Tx Announce Packets"
                    },
                    "tx_follow_up": {
                        "title": "Tx Follow Up Packets"
                    },
                    "tx_delayresp": {
                        "title": "Tx DelayResp Packets"
                    }
                },
                "net\/wr1\/1\/cfg": {
                    "synce": {
                        "title": "SyncE"
                    },
                    "transport_mode": {
                        "enum_dic": {
                            "Multicast": 0,
                            "Unicast": 1
                        }
                    },
                    "delay_mech": {
                        "title": "Delay mechanism"
                    },
                    "user_offset": {
                        "title": "Manual Offset",
                        "unit": "ns"
                    },
                    "ptp_timescale": {
                        "title": "PTP Timescale"
                    }
                },
                "net\/wr2\/1\/info": {
                    "ifname": {
                        "title": "Interface"
                    },
                    "synce_state": {
                        "title": "SyncE State"
                    },
                    "sync_mode": {
                        "title": "Mode of Operation"
                    },
                    "rx_sync": {
                        "title": "Rx Sync Packets"
                    },
                    "tx_sync": {
                        "title": "Tx Sync Packets"
                    },
                    "rx_delayreq": {
                        "title": "Rx Delayreq Packets"
                    },
                    "tx_delayreq": {
                        "title": "Tx Delayreq Packets"
                    },
                    "state_transitions": {
                        "access": "R"
                    },
                    "state_reason": {
                        "access": "R"
                    },
                    "offset_from_master": {
                        "title": "Calculated Offset",
                        "unit": "s",
                        "hattr": {
                            "decimal": 6
                        }
                    },
                    "one_way_delay": {
                        "title": "One-Way Delay",
                        "unit": "s",
                        "hattr": {
                            "decimal": 6
                        }
                    },
                    "mean_delay": {
                        "title": "Mean Path Delay ",
                        "unit": "s",
                        "hattr": {
                            "decimal": 6
                        }
                    },
                    "rx_announce": {
                        "title": "Rx Announce Packets"
                    },
                    "rx_follow_up": {
                        "title": "Rx Follow Up Packets"
                    },
                    "rx_delayresp": {
                        "title": "Rx DelayResp Packets"
                    },
                    "tx_announce": {
                        "title": "Tx Announce Packets"
                    },
                    "tx_follow_up": {
                        "title": "Tx Follow Up Packets"
                    },
                    "tx_delayresp": {
                        "title": "Tx DelayResp Packets"
                    }
                },
                "net\/wr2\/1\/cfg": {
                    "synce": {
                        "title": "SyncE"
                    },
                    "transport_mode": {
                        "enum_dic": {
                            "Multicast": 0,
                            "Unicast": 1
                        }
                    },
                    "delay_mech": {
                        "title": "Delay mechanism"
                    },
                    "user_offset": {
                        "title": "Manual Offset",
                        "unit": "ns"
                    },
                    "ptp_timescale": {
                        "title": "PTP Timescale"
                    }
                },
                "net\/wr3\/1\/info": {
                    "ifname": {
                        "title": "Interface"
                    },
                    "synce_state": {
                        "title": "SyncE State"
                    },
                    "sync_mode": {
                        "title": "Mode of Operation"
                    },
                    "rx_sync": {
                        "title": "Rx Sync Packets"
                    },
                    "tx_sync": {
                        "title": "Tx Sync Packets"
                    },
                    "rx_delayreq": {
                        "title": "Rx Delayreq Packets"
                    },
                    "tx_delayreq": {
                        "title": "Tx Delayreq Packets"
                    },
                    "state_transitions": {
                        "access": "R"
                    },
                    "state_reason": {
                        "access": "R"
                    },
                    "offset_from_master": {
                        "title": "Calculated Offset",
                        "unit": "s",
                        "hattr": {
                            "decimal": 6
                        }
                    },
                    "one_way_delay": {
                        "title": "One-Way Delay",
                        "unit": "s",
                        "hattr": {
                            "decimal": 6
                        }
                    },
                    "mean_delay": {
                        "title": "Mean Path Delay ",
                        "unit": "s",
                        "hattr": {
                            "decimal": 6
                        }
                    },
                    "rx_announce": {
                        "title": "Rx Announce Packets"
                    },
                    "rx_follow_up": {
                        "title": "Rx Follow Up Packets"
                    },
                    "rx_delayresp": {
                        "title": "Rx DelayResp Packets"
                    },
                    "tx_announce": {
                        "title": "Tx Announce Packets"
                    },
                    "tx_follow_up": {
                        "title": "Tx Follow Up Packets"
                    },
                    "tx_delayresp": {
                        "title": "Tx DelayResp Packets"
                    }
                },
                "net\/wr3\/1\/cfg": {
                    "synce": {
                        "title": "SyncE"
                    },
                    "transport_mode": {
                        "enum_dic": {
                            "Multicast": 0,
                            "Unicast": 1
                        }
                    },
                    "delay_mech": {
                        "title": "Delay mechanism"
                    },
                    "user_offset": {
                        "title": "Manual Offset",
                        "unit": "ns"
                    },
                    "ptp_timescale": {
                        "title": "PTP Timescale"
                    }
                },
                "net\/wr4\/1\/info": {
                    "ifname": {
                        "title": "Interface"
                    },
                    "synce_state": {
                        "title": "SyncE State"
                    },
                    "sync_mode": {
                        "title": "Mode of Operation"
                    },
                    "rx_sync": {
                        "title": "Rx Sync Packets"
                    },
                    "tx_sync": {
                        "title": "Tx Sync Packets"
                    },
                    "rx_delayreq": {
                        "title": "Rx Delayreq Packets"
                    },
                    "tx_delayreq": {
                        "title": "Tx Delayreq Packets"
                    },
                    "state_transitions": {
                        "access": "R"
                    },
                    "state_reason": {
                        "access": "R"
                    },
                    "offset_from_master": {
                        "title": "Calculated Offset",
                        "unit": "s",
                        "hattr": {
                            "decimal": 6
                        }
                    },
                    "one_way_delay": {
                        "title": "One-Way Delay",
                        "unit": "s",
                        "hattr": {
                            "decimal": 6
                        }
                    },
                    "mean_delay": {
                        "title": "Mean Path Delay ",
                        "unit": "s",
                        "hattr": {
                            "decimal": 6
                        }
                    },
                    "rx_announce": {
                        "title": "Rx Announce Packets"
                    },
                    "rx_follow_up": {
                        "title": "Rx Follow Up Packets"
                    },
                    "rx_delayresp": {
                        "title": "Rx DelayResp Packets"
                    },
                    "tx_announce": {
                        "title": "Tx Announce Packets"
                    },
                    "tx_follow_up": {
                        "title": "Tx Follow Up Packets"
                    },
                    "tx_delayresp": {
                        "title": "Tx DelayResp Packets"
                    }
                },
                "net\/wr4\/1\/cfg": {
                    "synce": {
                        "title": "SyncE"
                    },
                    "transport_mode": {
                        "enum_dic": {
                            "Multicast": 0,
                            "Unicast": 1
                        }
                    },
                    "delay_mech": {
                        "title": "Delay mechanism"
                    },
                    "user_offset": {
                        "title": "Manual Offset",
                        "unit": "ns"
                    },
                    "ptp_timescale": {
                        "title": "PTP Timescale"
                    }
                },
                "net\/wr5\/1\/info": {
                    "ifname": {
                        "title": "Interface"
                    },
                    "synce_state": {
                        "title": "SyncE State"
                    },
                    "sync_mode": {
                        "title": "Mode of Operation"
                    },
                    "rx_sync": {
                        "title": "Rx Sync Packets"
                    },
                    "tx_sync": {
                        "title": "Tx Sync Packets"
                    },
                    "rx_delayreq": {
                        "title": "Rx Delayreq Packets"
                    },
                    "tx_delayreq": {
                        "title": "Tx Delayreq Packets"
                    },
                    "state_transitions": {
                        "access": "R"
                    },
                    "state_reason": {
                        "access": "R"
                    },
                    "offset_from_master": {
                        "title": "Calculated Offset",
                        "unit": "s",
                        "hattr": {
                            "decimal": 6
                        }
                    },
                    "one_way_delay": {
                        "title": "One-Way Delay",
                        "unit": "s",
                        "hattr": {
                            "decimal": 6
                        }
                    },
                    "mean_delay": {
                        "title": "Mean Path Delay ",
                        "unit": "s",
                        "hattr": {
                            "decimal": 6
                        }
                    },
                    "rx_announce": {
                        "title": "Rx Announce Packets"
                    },
                    "rx_follow_up": {
                        "title": "Rx Follow Up Packets"
                    },
                    "rx_delayresp": {
                        "title": "Rx DelayResp Packets"
                    },
                    "tx_announce": {
                        "title": "Tx Announce Packets"
                    },
                    "tx_follow_up": {
                        "title": "Tx Follow Up Packets"
                    },
                    "tx_delayresp": {
                        "title": "Tx DelayResp Packets"
                    }
                },
                "net\/wr5\/1\/cfg": {
                    "synce": {
                        "title": "SyncE"
                    },
                    "transport_mode": {
                        "enum_dic": {
                            "Multicast": 0,
                            "Unicast": 1
                        }
                    },
                    "delay_mech": {
                        "title": "Delay mechanism"
                    },
                    "user_offset": {
                        "title": "Manual Offset",
                        "unit": "ns"
                    },
                    "ptp_timescale": {
                        "title": "PTP Timescale"
                    }
                },
                "net\/wr6\/1\/info": {
                    "ifname": {
                        "title": "Interface"
                    },
                    "synce_state": {
                        "title": "SyncE State"
                    },
                    "sync_mode": {
                        "title": "Mode of Operation"
                    },
                    "rx_sync": {
                        "title": "Rx Sync Packets"
                    },
                    "tx_sync": {
                        "title": "Tx Sync Packets"
                    },
                    "rx_delayreq": {
                        "title": "Rx Delayreq Packets"
                    },
                    "tx_delayreq": {
                        "title": "Tx Delayreq Packets"
                    },
                    "state_transitions": {
                        "access": "R"
                    },
                    "state_reason": {
                        "access": "R"
                    },
                    "offset_from_master": {
                        "title": "Calculated Offset",
                        "unit": "s",
                        "hattr": {
                            "decimal": 6
                        }
                    },
                    "one_way_delay": {
                        "title": "One-Way Delay",
                        "unit": "s",
                        "hattr": {
                            "decimal": 6
                        }
                    },
                    "mean_delay": {
                        "title": "Mean Path Delay ",
                        "unit": "s",
                        "hattr": {
                            "decimal": 6
                        }
                    },
                    "rx_announce": {
                        "title": "Rx Announce Packets"
                    },
                    "rx_follow_up": {
                        "title": "Rx Follow Up Packets"
                    },
                    "rx_delayresp": {
                        "title": "Rx DelayResp Packets"
                    },
                    "tx_announce": {
                        "title": "Tx Announce Packets"
                    },
                    "tx_follow_up": {
                        "title": "Tx Follow Up Packets"
                    },
                    "tx_delayresp": {
                        "title": "Tx DelayResp Packets"
                    }
                },
                "net\/wr6\/1\/cfg": {
                    "synce": {
                        "title": "SyncE"
                    },
                    "transport_mode": {
                        "enum_dic": {
                            "Multicast": 0,
                            "Unicast": 1
                        }
                    },
                    "delay_mech": {
                        "title": "Delay mechanism"
                    },
                    "user_offset": {
                        "title": "Manual Offset",
                        "unit": "ns"
                    },
                    "ptp_timescale": {
                        "title": "PTP Timescale"
                    }
                },
                "net\/wr7\/1\/info": {
                    "ifname": {
                        "title": "Interface"
                    },
                    "synce_state": {
                        "title": "SyncE State"
                    },
                    "sync_mode": {
                        "title": "Mode of Operation"
                    },
                    "rx_sync": {
                        "title": "Rx Sync Packets"
                    },
                    "tx_sync": {
                        "title": "Tx Sync Packets"
                    },
                    "rx_delayreq": {
                        "title": "Rx Delayreq Packets"
                    },
                    "tx_delayreq": {
                        "title": "Tx Delayreq Packets"
                    },
                    "state_transitions": {
                        "access": "R"
                    },
                    "state_reason": {
                        "access": "R"
                    },
                    "offset_from_master": {
                        "title": "Calculated Offset",
                        "unit": "s",
                        "hattr": {
                            "decimal": 6
                        }
                    },
                    "one_way_delay": {
                        "title": "One-Way Delay",
                        "unit": "s",
                        "hattr": {
                            "decimal": 6
                        }
                    },
                    "mean_delay": {
                        "title": "Mean Path Delay ",
                        "unit": "s",
                        "hattr": {
                            "decimal": 6
                        }
                    },
                    "rx_announce": {
                        "title": "Rx Announce Packets"
                    },
                    "rx_follow_up": {
                        "title": "Rx Follow Up Packets"
                    },
                    "rx_delayresp": {
                        "title": "Rx DelayResp Packets"
                    },
                    "tx_announce": {
                        "title": "Tx Announce Packets"
                    },
                    "tx_follow_up": {
                        "title": "Tx Follow Up Packets"
                    },
                    "tx_delayresp": {
                        "title": "Tx DelayResp Packets"
                    }
                },
                "net\/wr7\/1\/cfg": {
                    "synce": {
                        "title": "SyncE"
                    },
                    "transport_mode": {
                        "enum_dic": {
                            "Multicast": 0,
                            "Unicast": 1
                        }
                    },
                    "delay_mech": {
                        "title": "Delay mechanism"
                    },
                    "user_offset": {
                        "title": "Manual Offset",
                        "unit": "ns"
                    },
                    "ptp_timescale": {
                        "title": "PTP Timescale"
                    }
                },
                "net\/wr8\/1\/info": {
                    "ifname": {
                        "title": "Interface"
                    },
                    "synce_state": {
                        "title": "SyncE State"
                    },
                    "sync_mode": {
                        "title": "Mode of Operation"
                    },
                    "rx_sync": {
                        "title": "Rx Sync Packets"
                    },
                    "tx_sync": {
                        "title": "Tx Sync Packets"
                    },
                    "rx_delayreq": {
                        "title": "Rx Delayreq Packets"
                    },
                    "tx_delayreq": {
                        "title": "Tx Delayreq Packets"
                    },
                    "state_transitions": {
                        "access": "R"
                    },
                    "state_reason": {
                        "access": "R"
                    },
                    "offset_from_master": {
                        "title": "Calculated Offset",
                        "unit": "s",
                        "hattr": {
                            "decimal": 6
                        }
                    },
                    "one_way_delay": {
                        "title": "One-Way Delay",
                        "unit": "s",
                        "hattr": {
                            "decimal": 6
                        }
                    },
                    "mean_delay": {
                        "title": "Mean Path Delay ",
                        "unit": "s",
                        "hattr": {
                            "decimal": 6
                        }
                    },
                    "rx_announce": {
                        "title": "Rx Announce Packets"
                    },
                    "rx_follow_up": {
                        "title": "Rx Follow Up Packets"
                    },
                    "rx_delayresp": {
                        "title": "Rx DelayResp Packets"
                    },
                    "tx_announce": {
                        "title": "Tx Announce Packets"
                    },
                    "tx_follow_up": {
                        "title": "Tx Follow Up Packets"
                    },
                    "tx_delayresp": {
                        "title": "Tx DelayResp Packets"
                    }
                },
                "net\/wr8\/1\/cfg": {
                    "synce": {
                        "title": "SyncE"
                    },
                    "transport_mode": {
                        "enum_dic": {
                            "Multicast": 0,
                            "Unicast": 1
                        }
                    },
                    "delay_mech": {
                        "title": "Delay mechanism"
                    },
                    "user_offset": {
                        "title": "Manual Offset",
                        "unit": "ns"
                    },
                    "ptp_timescale": {
                        "title": "PTP Timescale"
                    }
                },
                "net\/wr9\/1\/info": {
                    "ifname": {
                        "title": "Interface"
                    },
                    "synce_state": {
                        "title": "SyncE State"
                    },
                    "sync_mode": {
                        "title": "Mode of Operation"
                    },
                    "rx_sync": {
                        "title": "Rx Sync Packets"
                    },
                    "tx_sync": {
                        "title": "Tx Sync Packets"
                    },
                    "rx_delayreq": {
                        "title": "Rx Delayreq Packets"
                    },
                    "tx_delayreq": {
                        "title": "Tx Delayreq Packets"
                    },
                    "state_transitions": {
                        "access": "R"
                    },
                    "state_reason": {
                        "access": "R"
                    },
                    "offset_from_master": {
                        "title": "Calculated Offset",
                        "unit": "s",
                        "hattr": {
                            "decimal": 6
                        }
                    },
                    "one_way_delay": {
                        "title": "One-Way Delay",
                        "unit": "s",
                        "hattr": {
                            "decimal": 6
                        }
                    },
                    "mean_delay": {
                        "title": "Mean Path Delay ",
                        "unit": "s",
                        "hattr": {
                            "decimal": 6
                        }
                    },
                    "rx_announce": {
                        "title": "Rx Announce Packets"
                    },
                    "rx_follow_up": {
                        "title": "Rx Follow Up Packets"
                    },
                    "rx_delayresp": {
                        "title": "Rx DelayResp Packets"
                    },
                    "tx_announce": {
                        "title": "Tx Announce Packets"
                    },
                    "tx_follow_up": {
                        "title": "Tx Follow Up Packets"
                    },
                    "tx_delayresp": {
                        "title": "Tx DelayResp Packets"
                    }
                },
                "net\/wr9\/1\/cfg": {
                    "synce": {
                        "title": "SyncE"
                    },
                    "transport_mode": {
                        "enum_dic": {
                            "Multicast": 0,
                            "Unicast": 1
                        }
                    },
                    "delay_mech": {
                        "title": "Delay mechanism"
                    },
                    "user_offset": {
                        "title": "Manual Offset",
                        "unit": "ns"
                    },
                    "ptp_timescale": {
                        "title": "PTP Timescale"
                    }
                },
                "net\/wr10\/1\/info": {
                    "ifname": {
                        "title": "Interface"
                    },
                    "synce_state": {
                        "title": "SyncE State"
                    },
                    "sync_mode": {
                        "title": "Mode of Operation"
                    },
                    "rx_sync": {
                        "title": "Rx Sync Packets"
                    },
                    "tx_sync": {
                        "title": "Tx Sync Packets"
                    },
                    "rx_delayreq": {
                        "title": "Rx Delayreq Packets"
                    },
                    "tx_delayreq": {
                        "title": "Tx Delayreq Packets"
                    },
                    "state_transitions": {
                        "access": "R"
                    },
                    "state_reason": {
                        "access": "R"
                    },
                    "offset_from_master": {
                        "title": "Calculated Offset",
                        "unit": "s",
                        "hattr": {
                            "decimal": 6
                        }
                    },
                    "one_way_delay": {
                        "title": "One-Way Delay",
                        "unit": "s",
                        "hattr": {
                            "decimal": 6
                        }
                    },
                    "mean_delay": {
                        "title": "Mean Path Delay ",
                        "unit": "s",
                        "hattr": {
                            "decimal": 6
                        }
                    },
                    "rx_announce": {
                        "title": "Rx Announce Packets"
                    },
                    "rx_follow_up": {
                        "title": "Rx Follow Up Packets"
                    },
                    "rx_delayresp": {
                        "title": "Rx DelayResp Packets"
                    },
                    "tx_announce": {
                        "title": "Tx Announce Packets"
                    },
                    "tx_follow_up": {
                        "title": "Tx Follow Up Packets"
                    },
                    "tx_delayresp": {
                        "title": "Tx DelayResp Packets"
                    }
                },
                "net\/wr10\/1\/cfg": {
                    "synce": {
                        "title": "SyncE"
                    },
                    "transport_mode": {
                        "enum_dic": {
                            "Multicast": 0,
                            "Unicast": 1
                        }
                    },
                    "delay_mech": {
                        "title": "Delay mechanism"
                    },
                    "user_offset": {
                        "title": "Manual Offset",
                        "unit": "ns"
                    },
                    "ptp_timescale": {
                        "title": "PTP Timescale"
                    }
                },
                "net\/wr11\/1\/info": {
                    "ifname": {
                        "title": "Interface"
                    },
                    "synce_state": {
                        "title": "SyncE State"
                    },
                    "sync_mode": {
                        "title": "Mode of Operation"
                    },
                    "rx_sync": {
                        "title": "Rx Sync Packets"
                    },
                    "tx_sync": {
                        "title": "Tx Sync Packets"
                    },
                    "rx_delayreq": {
                        "title": "Rx Delayreq Packets"
                    },
                    "tx_delayreq": {
                        "title": "Tx Delayreq Packets"
                    },
                    "state_transitions": {
                        "access": "R"
                    },
                    "state_reason": {
                        "access": "R"
                    },
                    "offset_from_master": {
                        "title": "Calculated Offset",
                        "unit": "s",
                        "hattr": {
                            "decimal": 6
                        }
                    },
                    "one_way_delay": {
                        "title": "One-Way Delay",
                        "unit": "s",
                        "hattr": {
                            "decimal": 6
                        }
                    },
                    "mean_delay": {
                        "title": "Mean Path Delay ",
                        "unit": "s",
                        "hattr": {
                            "decimal": 6
                        }
                    },
                    "rx_announce": {
                        "title": "Rx Announce Packets"
                    },
                    "rx_follow_up": {
                        "title": "Rx Follow Up Packets"
                    },
                    "rx_delayresp": {
                        "title": "Rx DelayResp Packets"
                    },
                    "tx_announce": {
                        "title": "Tx Announce Packets"
                    },
                    "tx_follow_up": {
                        "title": "Tx Follow Up Packets"
                    },
                    "tx_delayresp": {
                        "title": "Tx DelayResp Packets"
                    }
                },
                "net\/wr11\/1\/cfg": {
                    "synce": {
                        "title": "SyncE"
                    },
                    "transport_mode": {
                        "enum_dic": {
                            "Multicast": 0,
                            "Unicast": 1
                        }
                    },
                    "delay_mech": {
                        "title": "Delay mechanism"
                    },
                    "user_offset": {
                        "title": "Manual Offset",
                        "unit": "ns"
                    },
                    "ptp_timescale": {
                        "title": "PTP Timescale"
                    }
                },
                "net\/wr12\/1\/info": {
                    "ifname": {
                        "title": "Interface"
                    },
                    "synce_state": {
                        "title": "SyncE State"
                    },
                    "sync_mode": {
                        "title": "Mode of Operation"
                    },
                    "rx_sync": {
                        "title": "Rx Sync Packets"
                    },
                    "tx_sync": {
                        "title": "Tx Sync Packets"
                    },
                    "rx_delayreq": {
                        "title": "Rx Delayreq Packets"
                    },
                    "tx_delayreq": {
                        "title": "Tx Delayreq Packets"
                    },
                    "state_transitions": {
                        "access": "R"
                    },
                    "state_reason": {
                        "access": "R"
                    },
                    "offset_from_master": {
                        "title": "Calculated Offset",
                        "unit": "s",
                        "hattr": {
                            "decimal": 6
                        }
                    },
                    "one_way_delay": {
                        "title": "One-Way Delay",
                        "unit": "s",
                        "hattr": {
                            "decimal": 6
                        }
                    },
                    "mean_delay": {
                        "title": "Mean Path Delay ",
                        "unit": "s",
                        "hattr": {
                            "decimal": 6
                        }
                    },
                    "rx_announce": {
                        "title": "Rx Announce Packets"
                    },
                    "rx_follow_up": {
                        "title": "Rx Follow Up Packets"
                    },
                    "rx_delayresp": {
                        "title": "Rx DelayResp Packets"
                    },
                    "tx_announce": {
                        "title": "Tx Announce Packets"
                    },
                    "tx_follow_up": {
                        "title": "Tx Follow Up Packets"
                    },
                    "tx_delayresp": {
                        "title": "Tx DelayResp Packets"
                    }
                },
                "net\/wr12\/1\/cfg": {
                    "synce": {
                        "title": "SyncE"
                    },
                    "transport_mode": {
                        "enum_dic": {
                            "Multicast": 0,
                            "Unicast": 1
                        }
                    },
                    "delay_mech": {
                        "title": "Delay mechanism"
                    },
                    "user_offset": {
                        "title": "Manual Offset",
                        "unit": "ns"
                    },
                    "ptp_timescale": {
                        "title": "PTP Timescale"
                    }
                },
                "net\/wr13\/1\/info": {
                    "ifname": {
                        "title": "Interface"
                    },
                    "synce_state": {
                        "title": "SyncE State"
                    },
                    "sync_mode": {
                        "title": "Mode of Operation"
                    },
                    "rx_sync": {
                        "title": "Rx Sync Packets"
                    },
                    "tx_sync": {
                        "title": "Tx Sync Packets"
                    },
                    "rx_delayreq": {
                        "title": "Rx Delayreq Packets"
                    },
                    "tx_delayreq": {
                        "title": "Tx Delayreq Packets"
                    },
                    "state_transitions": {
                        "access": "R"
                    },
                    "state_reason": {
                        "access": "R"
                    },
                    "offset_from_master": {
                        "title": "Calculated Offset",
                        "unit": "s",
                        "hattr": {
                            "decimal": 6
                        }
                    },
                    "one_way_delay": {
                        "title": "One-Way Delay",
                        "unit": "s",
                        "hattr": {
                            "decimal": 6
                        }
                    },
                    "mean_delay": {
                        "title": "Mean Path Delay ",
                        "unit": "s",
                        "hattr": {
                            "decimal": 6
                        }
                    },
                    "rx_announce": {
                        "title": "Rx Announce Packets"
                    },
                    "rx_follow_up": {
                        "title": "Rx Follow Up Packets"
                    },
                    "rx_delayresp": {
                        "title": "Rx DelayResp Packets"
                    },
                    "tx_announce": {
                        "title": "Tx Announce Packets"
                    },
                    "tx_follow_up": {
                        "title": "Tx Follow Up Packets"
                    },
                    "tx_delayresp": {
                        "title": "Tx DelayResp Packets"
                    }
                },
                "net\/wr13\/1\/cfg": {
                    "synce": {
                        "title": "SyncE"
                    },
                    "transport_mode": {
                        "enum_dic": {
                            "Multicast": 0,
                            "Unicast": 1
                        }
                    },
                    "delay_mech": {
                        "title": "Delay mechanism"
                    },
                    "user_offset": {
                        "title": "Manual Offset",
                        "unit": "ns"
                    },
                    "ptp_timescale": {
                        "title": "PTP Timescale"
                    }
                },
                "net\/wr14\/1\/info": {
                    "ifname": {
                        "title": "Interface"
                    },
                    "synce_state": {
                        "title": "SyncE State"
                    },
                    "sync_mode": {
                        "title": "Mode of Operation"
                    },
                    "rx_sync": {
                        "title": "Rx Sync Packets"
                    },
                    "tx_sync": {
                        "title": "Tx Sync Packets"
                    },
                    "rx_delayreq": {
                        "title": "Rx Delayreq Packets"
                    },
                    "tx_delayreq": {
                        "title": "Tx Delayreq Packets"
                    },
                    "state_transitions": {
                        "access": "R"
                    },
                    "state_reason": {
                        "access": "R"
                    },
                    "offset_from_master": {
                        "title": "Calculated Offset",
                        "unit": "s",
                        "hattr": {
                            "decimal": 6
                        }
                    },
                    "one_way_delay": {
                        "title": "One-Way Delay",
                        "unit": "s",
                        "hattr": {
                            "decimal": 6
                        }
                    },
                    "mean_delay": {
                        "title": "Mean Path Delay ",
                        "unit": "s",
                        "hattr": {
                            "decimal": 6
                        }
                    },
                    "rx_announce": {
                        "title": "Rx Announce Packets"
                    },
                    "rx_follow_up": {
                        "title": "Rx Follow Up Packets"
                    },
                    "rx_delayresp": {
                        "title": "Rx DelayResp Packets"
                    },
                    "tx_announce": {
                        "title": "Tx Announce Packets"
                    },
                    "tx_follow_up": {
                        "title": "Tx Follow Up Packets"
                    },
                    "tx_delayresp": {
                        "title": "Tx DelayResp Packets"
                    }
                },
                "net\/wr14\/1\/cfg": {
                    "synce": {
                        "title": "SyncE"
                    },
                    "transport_mode": {
                        "enum_dic": {
                            "Multicast": 0,
                            "Unicast": 1
                        }
                    },
                    "delay_mech": {
                        "title": "Delay mechanism"
                    },
                    "user_offset": {
                        "title": "Manual Offset",
                        "unit": "ns"
                    },
                    "ptp_timescale": {
                        "title": "PTP Timescale"
                    }
                },
                "net\/wr15\/1\/info": {
                    "ifname": {
                        "title": "Interface"
                    },
                    "synce_state": {
                        "title": "SyncE State"
                    },
                    "sync_mode": {
                        "title": "Mode of Operation"
                    },
                    "rx_sync": {
                        "title": "Rx Sync Packets"
                    },
                    "tx_sync": {
                        "title": "Tx Sync Packets"
                    },
                    "rx_delayreq": {
                        "title": "Rx Delayreq Packets"
                    },
                    "tx_delayreq": {
                        "title": "Tx Delayreq Packets"
                    },
                    "state_transitions": {
                        "access": "R"
                    },
                    "state_reason": {
                        "access": "R"
                    },
                    "offset_from_master": {
                        "title": "Calculated Offset",
                        "unit": "s",
                        "hattr": {
                            "decimal": 6
                        }
                    },
                    "one_way_delay": {
                        "title": "One-Way Delay",
                        "unit": "s",
                        "hattr": {
                            "decimal": 6
                        }
                    },
                    "mean_delay": {
                        "title": "Mean Path Delay ",
                        "unit": "s",
                        "hattr": {
                            "decimal": 6
                        }
                    },
                    "rx_announce": {
                        "title": "Rx Announce Packets"
                    },
                    "rx_follow_up": {
                        "title": "Rx Follow Up Packets"
                    },
                    "rx_delayresp": {
                        "title": "Rx DelayResp Packets"
                    },
                    "tx_announce": {
                        "title": "Tx Announce Packets"
                    },
                    "tx_follow_up": {
                        "title": "Tx Follow Up Packets"
                    },
                    "tx_delayresp": {
                        "title": "Tx DelayResp Packets"
                    }
                },
                "net\/wr15\/1\/cfg": {
                    "synce": {
                        "title": "SyncE"
                    },
                    "transport_mode": {
                        "enum_dic": {
                            "Multicast": 0,
                            "Unicast": 1
                        }
                    },
                    "delay_mech": {
                        "title": "Delay mechanism"
                    },
                    "user_offset": {
                        "title": "Manual Offset",
                        "unit": "ns"
                    },
                    "ptp_timescale": {
                        "title": "PTP Timescale"
                    }
                }
            }
        }
    }
}